Name,Chamber,Party,District,Total,Dems,Repubs,Comcast Corp,AT&T Inc,Verizon Communications,March 2017 Vote on Internet Privacy
"McCain, John",Senate,R,AZS1,"$794,881 ",$0 ,"$794,881 ","$121,902 ","$477,088 ","$195,891 ",Yea
"Hoyer, Steny H",House,D,MD05,"$659,490 ","$659,490 ",$0 ,"$222,100 ","$249,150 ","$188,240 ",Nay
"Upton, Fred",House,R,MI06,"$631,000 ",$0 ,"$631,000 ","$222,200 ","$228,600 ","$180,200 ",Yea
"Blunt, Roy",Senate,R,MOS1,"$503,133 ",$0 ,"$503,133 ","$152,100 ","$192,675 ","$158,358 ",Yea
"Barton, Joe",House,R,TX06,"$495,309 ",$0 ,"$495,309 ","$131,000 ","$233,509 ","$130,800 ",Yea
"Menendez, Robert",Senate,D,NJS1,"$469,727 ","$469,727 ",$0 ,"$85,950 ","$167,050 ","$216,727 ",Nay
"McConnell, Mitch",Senate,R,KYS1,"$461,277 ",$0 ,"$461,277 ","$127,750 ","$202,750 ","$130,777 ",Yea
"Sessions, Pete",House,R,TX32,"$457,690 ",$0 ,"$457,690 ","$72,500 ","$258,440 ","$126,750 ",Yea
"Walden, Greg",House,R,OR02,"$457,150 ",$0 ,"$457,150 ","$214,350 ","$131,300 ","$111,500 ",Yea
"Clyburn, James E",House,D,SC06,"$433,500 ","$433,500 ",$0 ,"$112,500 ","$175,500 ","$145,500 ",Nay
"Ryan, Paul",House,R,WI01,"$397,751 ",$0 ,"$397,751 ","$117,201 ","$170,580 ","$109,970 ",Nay
"Smith, Lamar",House,R,TX21,"$396,350 ",$0 ,"$396,350 ","$108,000 ","$197,100 ","$91,250 ",Yea
"Shimkus, John M",House,R,IL15,"$391,838 ",$0 ,"$391,838 ","$89,000 ","$203,638 ","$99,200 ",Yea
"Crowley, Joseph",House,D,NY14,"$385,450 ","$385,450 ",$0 ,"$113,750 ","$123,000 ","$148,700 ",Nay
"McCarthy, Kevin",House,R,CA23,"$344,400 ",$0 ,"$344,400 ","$148,350 ","$130,200 ","$65,850 ",Yea
"Cornyn, John",Senate,R,TXS1,"$342,100 ",$0 ,"$342,100 ","$73,300 ","$191,550 ","$77,250 ",Yea
"Goodlatte, Bob",House,R,VA06,"$337,049 ",$0 ,"$337,049 ","$114,150 ","$111,250 ","$111,649 ",Yea
"Nelson, Bill",Senate,D,FLS1,"$331,426 ","$331,426 ",$0 ,"$174,551 ","$83,295 ","$73,580 ",Nay
"Hatch, Orrin G",Senate,R,UTS1,"$314,149 ",$0 ,"$314,149 ","$118,650 ","$103,999 ","$91,500 ",Yea
"Schumer, Charles E",Senate,D,NYS2,"$312,032 ","$312,032 ",$0 ,"$109,205 ","$74,207 ","$128,620 ",Nay
"Pallone, Frank Jr",House,D,NJ06,"$309,300 ","$309,300 ",$0 ,"$79,900 ","$112,650 ","$116,750 ",Nay
"Green, Gene",House,D,TX29,"$301,460 ","$301,460 ",$0 ,"$58,250 ","$153,210 ","$90,000 ",Nay
"Grassley, Chuck",Senate,R,IAS1,"$293,802 ",$0 ,"$293,802 ","$75,750 ","$81,400 ","$136,652 ",Yea
"Blackburn, Marsha",House,R,TN07,"$288,400 ",$0 ,"$288,400 ","$82,500 ","$103,750 ","$102,150 ",Yea
"Engel, Eliot L",House,D,NY16,"$273,800 ","$273,800 ",$0 ,"$15,000 ","$89,500 ","$169,300 ",Nay
"Burr, Richard",Senate,R,NCS2,"$273,023 ",$0 ,"$273,023 ","$50,900 ","$138,423 ","$83,700 ",Yea
"Brady, Robert A",House,D,PA01,"$264,450 ","$264,450 ",$0 ,"$203,950 ","$43,000 ","$17,500 ",Nay
"Toomey, Pat",Senate,R,PAS1,"$263,995 ",$0 ,"$263,995 ","$135,900 ","$59,170 ","$68,925 ",Yea
"Tiberi, Pat",House,R,OH12,"$262,200 ",$0 ,"$262,200 ","$46,000 ","$120,000 ","$96,200 ",Yea
"Markey, Ed",Senate,D,MAS2,"$260,880 ","$260,880 ",$0 ,"$112,350 ","$111,600 ","$36,930 ",Nay
"Thune, John",Senate,R,SDS1,"$258,100 ",$0 ,"$258,100 ","$74,700 ","$104,750 ","$78,650 ",Yea
"Durbin, Dick",Senate,D,ILS1,"$249,847 ","$249,847 ",$0 ,"$146,900 ","$75,446 ","$27,501 ",Nay
"Casey, Bob",Senate,D,PAS2,"$249,392 ","$249,392 ",$0 ,"$214,680 ","$19,767 ","$14,945 ",Nay
"Scalise, Steve",House,R,LA01,"$244,000 ",$0 ,"$244,000 ","$75,000 ","$103,500 ","$65,500 ",Yea
"McHenry, Patrick",House,R,NC10,"$240,500 ",$0 ,"$240,500 ","$78,000 ","$121,750 ","$40,750 ",Yea
"Nunes, Devin",House,R,CA22,"$233,500 ",$0 ,"$233,500 ","$42,500 ","$138,000 ","$53,000 ",Yea
"Rush, Bobby L",House,D,IL01,"$231,464 ","$231,464 ",$0 ,"$47,000 ","$115,964 ","$68,500 ",Not Voting
"Roskam, Peter",House,R,IL06,"$229,100 ",$0 ,"$229,100 ","$51,300 ","$104,800 ","$73,000 ",Yea
"Bennet, Michael F",Senate,D,COS1,"$227,057 ","$227,057 ",$0 ,"$141,275 ","$31,957 ","$53,825 ",Nay
"Warner, Mark",Senate,D,VAS2,"$225,893 ","$225,893 ",$0 ,"$110,983 ","$33,950 ","$80,960 ",Nay
"Meeks, Gregory W",House,D,NY05,"$223,550 ","$223,550 ",$0 ,"$32,400 ","$100,650 ","$90,500 ",Nay
"Gillibrand, Kirsten",Senate,D,NYS1,"$222,503 ","$222,503 ",$0 ,"$137,750 ","$27,323 ","$57,430 ",Nay
"Roberts, Pat",Senate,R,KSS1,"$219,990 ",$0 ,"$219,990 ","$29,000 ","$153,490 ","$37,500 ",Yea
"Rodgers, Cathy McMorris",House,R,WA05,"$219,000 ",$0 ,"$219,000 ","$68,400 ","$88,600 ","$62,000 ",Yea
"Schultz, Debbie Wasserman",House,D,FL23,"$214,850 ","$214,850 ",$0 ,"$108,125 ","$59,000 ","$47,725 ",Nay
"Issa, Darrell",House,R,CA49,"$214,600 ",$0 ,"$214,600 ","$59,000 ","$125,100 ","$30,500 ",Yea
"Leahy, Patrick",Senate,D,VTS2,"$214,257 ","$214,257 ",$0 ,"$136,700 ","$36,757 ","$40,800 ",Nay
"Isakson, Johnny",Senate,R,GAS2,"$211,500 ",$0 ,"$211,500 ","$59,950 ","$113,150 ","$38,400 ",Not Voting
"Graham, Lindsey",Senate,R,SCS2,"$210,472 ",$0 ,"$210,472 ","$42,000 ","$116,022 ","$52,450 ",Yea
"Pelosi, Nancy",House,D,CA12,"$210,409 ","$210,409 ",$0 ,"$85,650 ","$76,219 ","$48,540 ",Nay
"Hensarling, Jeb",House,R,TX05,"$205,448 ",$0 ,"$205,448 ","$35,500 ","$134,698 ","$35,250 ",Yea
"Dent, Charlie",House,R,PA15,"$202,650 ",$0 ,"$202,650 ","$117,450 ","$50,200 ","$35,000 ",Yea
"Butterfield, G K",House,D,NC01,"$196,500 ","$196,500 ",$0 ,"$50,000 ","$97,000 ","$49,500 ",Nay
"Shelby, Richard C",Senate,R,ALS2,"$195,650 ",$0 ,"$195,650 ","$44,000 ","$129,150 ","$22,500 ",Yea
"Conyers, John Jr",House,D,MI13,"$194,550 ","$194,550 ",$0 ,"$65,000 ","$98,600 ","$30,950 ",Nay
"Thompson, Bennie G",House,D,MS02,"$194,500 ","$194,500 ",$0 ,"$18,000 ","$108,250 ","$68,250 ",Nay
"Sanders, Bernie",Senate,I,VTS1,"$190,443 ",$0 ,$0 ,"$59,327 ","$80,391 ","$50,725 ",Nay
"Shuster, Bill",House,R,PA09,"$188,750 ",$0 ,"$188,750 ","$68,000 ","$68,500 ","$52,250 ",Yea
"Carper, Tom",Senate,D,DES1,"$188,650 ","$188,650 ",$0 ,"$95,050 ","$53,250 ","$40,350 ",Nay
"Murphy, Tim",House,R,PA18,"$184,750 ",$0 ,"$184,750 ","$69,000 ","$57,250 ","$58,500 ",Yea
"Portman, Rob",Senate,R,OHS2,"$178,908 ",$0 ,"$178,908 ","$37,000 ","$57,700 ","$84,208 ",Yea
"Kind, Ron",House,D,WI03,"$176,250 ","$176,250 ",$0 ,"$40,500 ","$101,000 ","$34,750 ",Nay
"Rubio, Marco",Senate,R,FLS2,"$174,315 ",$0 ,"$174,315 ","$63,725 ","$69,735 ","$40,855 ",Yea
"Heller, Dean",Senate,R,NVS1,"$174,000 ",$0 ,"$174,000 ","$58,000 ","$83,500 ","$32,500 ",Yea
"Brady, Kevin",House,R,TX08,"$172,950 ",$0 ,"$172,950 ","$28,000 ","$88,450 ","$56,500 ",Yea
"Van Hollen, Chris",Senate,D,MDS2,"$171,992 ","$171,992 ",$0 ,"$89,950 ","$43,772 ","$38,270 ",Yea
"Neal, Richard E",House,D,MA01,"$169,500 ","$169,500 ",$0 ,"$73,000 ","$34,250 ","$62,250 ",Nay
"Wyden, Ron",Senate,D,ORS2,"$168,439 ","$168,439 ",$0 ,"$32,775 ","$76,385 ","$59,279 ",Nay
"Wicker, Roger",Senate,R,MSS2,"$168,000 ",$0 ,"$168,000 ","$67,250 ","$61,250 ","$39,500 ",Yea
"Collins, Susan M",Senate,R,MES2,"$167,571 ",$0 ,"$167,571 ","$40,750 ","$44,100 ","$82,721 ",Yea
"Lance, Leonard",House,R,NJ07,"$165,950 ",$0 ,"$165,950 ","$34,300 ","$53,600 ","$78,050 ",Yea
"Graves, Sam",House,R,MO06,"$165,100 ",$0 ,"$165,100 ","$38,600 ","$85,000 ","$41,500 ",Yea
"Murray, Patty",Senate,D,WAS2,"$164,580 ","$164,580 ",$0 ,"$72,900 ","$55,780 ","$35,900 ",Nay
"McCaskill, Claire",Senate,D,MOS2,"$163,967 ","$163,967 ",$0 ,"$85,637 ","$41,124 ","$37,206 ",Nay
"Ruppersberger, Dutch",House,D,MD02,"$162,705 ","$162,705 ",$0 ,"$55,455 ","$65,500 ","$41,750 ",Nay
"Stabenow, Debbie",Senate,D,MIS2,"$162,058 ","$162,058 ",$0 ,"$64,738 ","$84,214 ","$13,106 ",Nay
"Paulsen, Erik",House,R,MN03,"$160,250 ",$0 ,"$160,250 ","$67,750 ","$56,000 ","$36,500 ",Yea
"Doyle, Mike",House,D,PA14,"$159,908 ","$159,908 ",$0 ,"$122,750 ","$23,358 ","$13,800 ",Nay
"Brown, Sherrod",Senate,D,OHS1,"$158,945 ","$158,945 ",$0 ,"$92,677 ","$56,008 ","$10,260 ",Nay
"Meehan, Patrick",House,R,PA07,"$158,550 ",$0 ,"$158,550 ","$100,800 ","$27,250 ","$30,500 ",Yea
"Burgess, Michael",House,R,TX26,"$156,250 ",$0 ,"$156,250 ","$29,000 ","$91,750 ","$35,500 ",Yea
"Thornberry, Mac",House,R,TX13,"$155,975 ",$0 ,"$155,975 ","$21,500 ","$91,475 ","$43,000 ",Yea
"Feinstein, Dianne",Senate,D,CAS2,"$154,345 ","$154,345 ",$0 ,"$50,525 ","$84,820 ","$19,000 ",Nay
"Cochran, Thad",Senate,R,MSS1,"$153,500 ",$0 ,"$153,500 ","$22,500 ","$88,000 ","$43,000 ",Yea
"Calvert, Ken",House,R,CA42,"$152,997 ",$0 ,"$152,997 ","$7,000 ","$120,497 ","$25,500 ",Yea
"Alexander, Lamar",Senate,R,TNS2,"$150,050 ",$0 ,"$150,050 ","$54,300 ","$66,250 ","$29,500 ",Yea
"Kinzinger, Adam",House,R,IL16,"$150,000 ",$0 ,"$150,000 ","$64,750 ","$58,750 ","$26,500 ",Yea
"Larson, John B",House,D,CT01,"$149,050 ","$149,050 ",$0 ,"$76,550 ","$53,500 ","$19,000 ",Nay
"Sensenbrenner, F James Jr",House,R,WI05,"$142,850 ",$0 ,"$142,850 ","$51,000 ","$77,850 ","$14,000 ",Yea
"Aderholt, Robert B",House,R,AL04,"$142,500 ",$0 ,"$142,500 ","$17,500 ","$102,750 ","$22,250 ",Yea
"Carter, John",House,R,TX31,"$142,250 ",$0 ,"$142,250 ","$10,000 ","$116,750 ","$15,500 ",Yea
"Moran, Jerry",Senate,R,KSS2,"$141,350 ",$0 ,"$141,350 ","$31,250 ","$91,100 ","$19,000 ",Yea
"Bishop, Sanford",House,D,GA02,"$141,250 ","$141,250 ",$0 ,"$12,000 ","$84,250 ","$45,000 ",Nay
"Latta, Robert E",House,R,OH05,"$139,000 ",$0 ,"$139,000 ","$37,000 ","$67,500 ","$34,500 ",Yea
"Cruz, Ted",Senate,R,TXS2,"$138,063 ",$0 ,"$138,063 ","$46,178 ","$64,316 ","$27,569 ",Yea
"Hastings, Alcee L",House,D,FL20,"$137,000 ","$137,000 ",$0 ,"$26,000 ","$66,500 ","$44,500 ",Nay
"Schiff, Adam",House,D,CA28,"$136,574 ","$136,574 ",$0 ,"$38,603 ","$59,956 ","$38,015 ",Nay
"McCaul, Michael",House,R,TX10,"$136,000 ",$0 ,"$136,000 ","$12,000 ","$94,500 ","$29,500 ",Yea
"Tester, Jon",Senate,D,MTS1,"$135,912 ","$135,912 ",$0 ,"$83,750 ","$28,700 ","$23,462 ",Nay
"Levin, Sander",House,D,MI09,"$135,500 ","$135,500 ",$0 ,"$81,400 ","$38,600 ","$15,500 ",Nay
"Sanchez, Linda",House,D,CA38,"$134,500 ","$134,500 ",$0 ,"$76,000 ","$41,500 ","$17,000 ",Nay
"Cuellar, Henry",House,D,TX28,"$133,800 ","$133,800 ",$0 ,"$15,500 ","$80,800 ","$37,500 ",Nay
"Guthrie, Brett",House,R,KY02,"$133,000 ",$0 ,"$133,000 ","$33,500 ","$65,000 ","$34,500 ",Yea
"Scott, Tim",Senate,R,SCS1,"$132,999 ",$0 ,"$132,999 ","$68,650 ","$22,500 ","$41,849 ",Yea
"Matsui, Doris O",House,D,CA06,"$132,250 ","$132,250 ",$0 ,"$36,000 ","$47,500 ","$48,750 ",Nay
"DeGette, Diana",House,D,CO01,"$131,575 ","$131,575 ",$0 ,"$52,000 ","$64,075 ","$15,500 ",Nay
"Chabot, Steve",House,R,OH01,"$131,250 ",$0 ,"$131,250 ","$28,000 ","$70,000 ","$33,250 ",Yea
"Lujan, Ben R",House,D,NM03,"$130,500 ","$130,500 ",$0 ,"$54,000 ","$44,000 ","$32,500 ",Nay
"Manchin, Joe",Senate,D,WVS1,"$128,500 ","$128,500 ",$0 ,"$52,700 ","$41,000 ","$34,800 ",Nay
"Whitehouse, Sheldon",Senate,D,RIS1,"$128,157 ","$128,157 ",$0 ,"$88,931 ","$18,776 ","$20,450 ",Nay
"Thompson, Mike",House,D,CA05,"$127,570 ","$127,570 ",$0 ,"$38,000 ","$63,070 ","$26,500 ",Nay
"Diaz-Balart, Mario",House,R,FL25,"$127,050 ",$0 ,"$127,050 ","$34,750 ","$69,300 ","$23,000 ",Yea
"Frelinghuysen, Rodney",House,R,NJ11,"$126,400 ",$0 ,"$126,400 ","$7,000 ","$60,350 ","$59,050 ",Yea
"Boozman, John",Senate,R,ARS2,"$124,250 ",$0 ,"$124,250 ","$13,500 ","$91,750 ","$19,000 ",Yea
"Coons, Chris",Senate,D,DES2,"$123,502 ","$123,502 ",$0 ,"$99,500 ","$10,502 ","$13,500 ",Nay
"Granger, Kay",House,R,TX12,"$122,950 ",$0 ,"$122,950 ","$14,300 ","$89,150 ","$19,500 ",Yea
"Ros-Lehtinen, Ileana",House,R,FL27,"$122,110 ",$0 ,"$122,110 ","$33,250 ","$67,360 ","$21,500 ",Not Voting
"Corker, Bob",Senate,R,TNS1,"$122,100 ",$0 ,"$122,100 ","$41,000 ","$66,300 ","$14,800 ",Yea
"McNerney, Jerry",House,D,CA09,"$121,900 ","$121,900 ",$0 ,"$36,500 ","$63,900 ","$21,500 ",Nay
"Lee, Mike",Senate,R,UTS2,"$121,350 ",$0 ,"$121,350 ","$51,100 ","$50,000 ","$20,250 ",Yea
"Murphy, Christopher S",Senate,D,CTS1,"$120,789 ","$120,789 ",$0 ,"$71,376 ","$34,082 ","$15,331 ",Nay
"Kaine, Tim",Senate,D,VAS1,"$120,627 ","$120,627 ",$0 ,"$47,683 ","$14,236 ","$58,708 ",Nay
"Sires, Albio",House,D,NJ08,"$120,443 ","$120,443 ",$0 ,"$34,000 ","$46,000 ","$40,443 ",Nay
"Schatz, Brian",Senate,D,HIS1,"$119,400 ","$119,400 ",$0 ,"$64,900 ","$26,000 ","$28,500 ",Nay
"Schrader, Kurt",House,D,OR05,"$118,750 ","$118,750 ",$0 ,"$52,250 ","$38,500 ","$28,000 ",Nay
"Murkowski, Lisa",Senate,R,AKS2,"$116,300 ",$0 ,"$116,300 ","$42,250 ","$50,550 ","$23,500 ",Yea
"Costa, Jim",House,D,CA16,"$116,250 ","$116,250 ",$0 ,"$24,500 ","$66,250 ","$25,500 ",Nay
"King, Pete",House,R,NY02,"$115,750 ",$0 ,"$115,750 ","$7,000 ","$54,000 ","$54,750 ",Yea
"Eshoo, Anna",House,D,CA18,"$115,506 ","$115,506 ",$0 ,"$35,500 ","$50,006 ","$30,000 ",Nay
"Capito, Shelley Moore",Senate,R,WVS2,"$115,250 ",$0 ,"$115,250 ","$24,500 ","$37,500 ","$53,250 ",Yea
"Booker, Cory",Senate,D,NJS2,"$114,633 ","$114,633 ",$0 ,"$61,755 ","$7,710 ","$45,168 ",Nay
"Udall, Tom",Senate,D,NMS2,"$114,607 ","$114,607 ",$0 ,"$78,605 ","$22,500 ","$13,502 ",Nay
"Denham, Jeff",House,R,CA10,"$114,000 ",$0 ,"$114,000 ","$38,500 ","$60,500 ","$15,000 ",Yea
"Jackson Lee, Sheila",House,D,TX18,"$113,350 ","$113,350 ",$0 ,"$10,000 ","$77,850 ","$25,500 ",Nay
"Harper, Gregg",House,R,MS03,"$113,250 ",$0 ,"$113,250 ","$29,000 ","$71,250 ","$13,000 ",Yea
"Cole, Tom",House,R,OK04,"$112,750 ",$0 ,"$112,750 ","$3,250 ","$79,250 ","$30,250 ",Yea
"Gardner, Cory",Senate,R,COS2,"$112,550 ",$0 ,"$112,550 ","$35,850 ","$47,000 ","$29,700 ",Yea
"Bilirakis, Gus",House,R,FL12,"$111,800 ",$0 ,"$111,800 ","$20,500 ","$61,250 ","$30,050 ",Yea
"Sherman, Brad",House,D,CA30,"$110,970 ","$110,970 ",$0 ,"$43,420 ","$55,800 ","$11,750 ",Nay
"Enzi, Mike",Senate,R,WYS2,"$110,950 ",$0 ,"$110,950 ","$24,200 ","$60,750 ","$26,000 ",Yea
"Crapo, Mike",Senate,R,IDS2,"$110,750 ",$0 ,"$110,750 ","$23,500 ","$46,250 ","$41,000 ",Yea
"Donnelly, Joe",Senate,D,INS1,"$110,494 ","$110,494 ",$0 ,"$69,954 ","$29,530 ","$11,010 ",Nay
"Cardin, Ben",Senate,D,MDS1,"$109,223 ","$109,223 ",$0 ,"$54,323 ","$21,000 ","$33,900 ",Nay
"Klobuchar, Amy",Senate,D,MNS2,"$107,116 ","$107,116 ",$0 ,"$90,266 ","$7,750 ","$9,100 ",Nay
"Clarke, Yvette D",House,D,NY09,"$106,600 ","$106,600 ",$0 ,"$30,500 ","$52,500 ","$23,600 ",Nay
"Olson, Pete",House,R,TX22,"$104,500 ",$0 ,"$104,500 ","$28,000 ","$48,000 ","$28,500 ",Yea
"Johnson, Sam",House,R,TX03,"$103,573 ",$0 ,"$103,573 ","$14,000 ","$56,073 ","$33,500 ",Yea
"Reichert, Dave",House,R,WA08,"$103,250 ",$0 ,"$103,250 ","$26,500 ","$53,700 ","$23,050 ",Nay
"Rogers, Hal",House,R,KY05,"$102,500 ",$0 ,"$102,500 ","$2,000 ","$59,500 ","$41,000 ",Yea
"Davis, Danny K",House,D,IL07,"$101,500 ","$101,500 ",$0 ,"$5,000 ","$78,000 ","$18,500 ",Nay
"Lewis, John",House,D,GA05,"$100,781 ","$100,781 ",$0 ,"$44,411 ","$43,054 ","$13,316 ",Nay
"Flake, Jeff",Senate,R,AZS2,"$100,200 ",$0 ,"$100,200 ","$24,450 ","$38,750 ","$37,000 ",Yea
"Welch, Peter",House,D,VT01,"$99,954 ","$99,954 ",$0 ,"$38,704 ","$34,000 ","$27,250 ",Nay
"Peters, Gary",Senate,D,MIS1,"$98,505 ","$98,505 ",$0 ,"$43,750 ","$38,255 ","$16,500 ",Nay
"Scott, David",House,D,GA13,"$98,400 ","$98,400 ",$0 ,"$11,000 ","$70,400 ","$17,000 ",Nay
"Gutierrez, Luis V",House,D,IL04,"$98,100 ","$98,100 ",$0 ,"$15,500 ","$71,100 ","$11,500 ",Nay
"Johnson, Eddie Bernice",House,D,TX30,"$98,000 ","$98,000 ",$0 ,"$11,000 ","$68,000 ","$19,000 ",Nay
"Marchant, Kenny",House,R,TX24,"$97,000 ",$0 ,"$97,000 ","$11,250 ","$60,500 ","$25,250 ",Yea
"Connolly, Gerry",House,D,VA11,"$96,286 ","$96,286 ",$0 ,"$35,584 ","$43,075 ","$17,627 ",Nay
"Stivers, Steve",House,R,OH15,"$96,251 ",$0 ,"$96,251 ","$30,751 ","$35,500 ","$30,000 ",Yea
"Costello, Ryan",House,R,PA06,"$95,450 ",$0 ,"$95,450 ","$60,450 ","$20,500 ","$14,500 ",Yea
"Barrasso, John A",Senate,R,WYS1,"$95,300 ",$0 ,"$95,300 ","$37,300 ","$28,000 ","$30,000 ",Yea
"Long, Billy",House,R,MO07,"$94,000 ",$0 ,"$94,000 ","$19,000 ","$53,500 ","$21,500 ",Yea
"Cummings, Elijah E",House,D,MD07,"$93,850 ","$93,850 ",$0 ,"$22,250 ","$39,000 ","$32,600 ",Nay
"Clay, William L Jr",House,D,MO01,"$93,250 ","$93,250 ",$0 ,"$5,000 ","$65,250 ","$23,000 ",Nay
"Hunter, Duncan D",House,R,CA50,"$92,750 ",$0 ,"$92,750 ","$12,500 ","$64,250 ","$16,000 ",Yea
"Jenkins, Lynn",House,R,KS02,"$92,750 ",$0 ,"$92,750 ","$17,000 ","$54,250 ","$21,500 ",Yea
"Perlmutter, Ed",House,D,CO07,"$92,510 ","$92,510 ",$0 ,"$55,510 ","$29,000 ","$8,000 ",Nay
"Reed, Jack",Senate,D,RIS2,"$92,363 ","$92,363 ",$0 ,"$20,500 ","$45,207 ","$26,656 ",Nay
"Culberson, John",House,R,TX07,"$92,000 ",$0 ,"$92,000 ","$10,000 ","$67,500 ","$14,500 ",Yea
"Royce, Ed",House,R,CA39,"$91,550 ",$0 ,"$91,550 ","$4,000 ","$67,000 ","$20,550 ",Yea
"Larsen, Rick",House,D,WA02,"$91,250 ","$91,250 ",$0 ,"$21,500 ","$44,250 ","$25,500 ",Nay
"Himes, Jim",House,D,CT04,"$91,100 ","$91,100 ",$0 ,"$45,350 ","$34,500 ","$11,250 ",Nay
"Inhofe, James M",Senate,R,OKS2,"$90,750 ",$0 ,"$90,750 ","$15,000 ","$69,750 ","$6,000 ",Yea
"Wagner, Ann L",House,R,MO02,"$90,500 ",$0 ,"$90,500 ","$37,000 ","$29,000 ","$24,500 ",Nay
"Heinrich, Martin",Senate,D,NMS1,"$88,062 ","$88,062 ",$0 ,"$55,810 ","$19,750 ","$12,502 ",Nay
"Rogers, Mike D",House,R,AL03,"$88,000 ",$0 ,"$88,000 ","$8,000 ","$64,500 ","$15,500 ",Yea
"Foxx, Virginia",House,R,NC05,"$86,250 ",$0 ,"$86,250 ","$9,250 ","$57,000 ","$20,000 ",Yea
"Jordan, Jim",House,R,OH04,"$86,000 ",$0 ,"$86,000 ","$17,000 ","$54,000 ","$15,000 ",Yea
"Conaway, Mike",House,R,TX11,"$85,750 ",$0 ,"$85,750 ","$2,000 ","$67,750 ","$16,000 ",Yea
"Duffy, Sean P",House,R,WI07,"$85,400 ",$0 ,"$85,400 ","$22,500 ","$35,000 ","$27,900 ",Not Voting
"Cleaver, Emanuel",House,D,MO05,"$85,300 ","$85,300 ",$0 ,"$23,000 ","$47,300 ","$15,000 ",Nay
"Castor, Kathy",House,D,FL14,"$85,216 ","$85,216 ",$0 ,"$29,500 ","$35,000 ","$20,716 ",Nay
"Walberg, Tim",House,R,MI07,"$85,200 ",$0 ,"$85,200 ","$27,200 ","$30,000 ","$28,000 ",Yea
"DeLauro, Rosa L",House,D,CT03,"$84,750 ","$84,750 ",$0 ,"$15,800 ","$57,950 ","$11,000 ",Nay
"Thompson, Glenn",House,R,PA05,"$84,500 ",$0 ,"$84,500 ","$48,500 ","$15,500 ","$20,500 ",Yea
"Cohen, Steve",House,D,TN09,"$84,000 ","$84,000 ",$0 ,"$22,000 ","$38,000 ","$24,000 ",Nay
"Poe, Ted",House,R,TX02,"$84,000 ",$0 ,"$84,000 ","$26,000 ","$37,500 ","$20,500 ",Yea
"Tonko, Paul",House,D,NY20,"$84,000 ","$84,000 ",$0 ,"$16,500 ","$34,500 ","$33,000 ",Not Voting
"Marino, Tom",House,R,PA10,"$83,200 ",$0 ,"$83,200 ","$43,200 ","$31,000 ","$9,000 ",Not Voting
"Buchanan, Vernon",House,R,FL16,"$83,000 ",$0 ,"$83,000 ","$19,500 ","$43,000 ","$20,500 ",Yea
"Graves, Tom",House,R,GA14,"$82,500 ",$0 ,"$82,500 ","$27,500 ","$41,500 ","$13,500 ",Yea
"Lofgren, Zoe",House,D,CA19,"$82,000 ","$82,000 ",$0 ,"$19,250 ","$36,250 ","$26,500 ",Nay
"Walters, Mimi",House,R,CA45,"$81,750 ",$0 ,"$81,750 ","$30,000 ","$29,500 ","$22,250 ",Yea
"King, Steven A",House,R,IA04,"$81,250 ",$0 ,"$81,250 ","$12,000 ","$54,000 ","$15,250 ",Yea
"Paul, Rand",Senate,R,KYS2,"$81,123 ",$0 ,"$81,123 ","$11,097 ","$50,347 ","$19,679 ",Not Voting
"Brooks, Susan",House,R,IN05,"$80,000 ",$0 ,"$80,000 ","$28,250 ","$34,250 ","$17,500 ",Yea
"Johnson, Ron",Senate,R,WIS2,"$79,730 ",$0 ,"$79,730 ","$15,500 ","$38,080 ","$26,150 ",Yea
"Baldwin, Tammy",Senate,D,WIS1,"$79,576 ","$79,576 ",$0 ,"$24,602 ","$42,624 ","$12,350 ",Nay
"Cantwell, Maria",Senate,D,WAS1,"$79,562 ","$79,562 ",$0 ,"$54,700 ","$23,507 ","$1,355 ",Nay
"Lucas, Frank D",House,R,OK03,"$79,300 ",$0 ,"$79,300 ","$11,000 ","$64,300 ","$4,000 ",Yea
"Reed, Tom",House,R,NY23,"$78,666 ",$0 ,"$78,666 ","$18,166 ","$31,500 ","$29,000 ",Yea
"Smith, Adam",House,D,WA09,"$78,000 ","$78,000 ",$0 ,"$23,000 ","$37,000 ","$18,000 ",Nay
"Fischer, Deb",Senate,R,NES1,"$77,350 ",$0 ,"$77,350 ","$27,350 ","$30,000 ","$20,000 ",Yea
"Johnson, Bill",House,R,OH06,"$77,166 ",$0 ,"$77,166 ","$26,666 ","$33,500 ","$17,000 ",Yea
"LoBiondo, Frank",House,R,NJ02,"$76,700 ",$0 ,"$76,700 ","$19,450 ","$27,250 ","$30,000 ",Yea
"Comstock, Barbara",House,R,VA10,"$76,313 ",$0 ,"$76,313 ","$25,000 ","$25,313 ","$26,000 ",Yea
"Shaheen, Jeanne",Senate,D,NHS2,"$75,892 ","$75,892 ",$0 ,"$51,350 ","$15,792 ","$8,750 ",Nay
"Richmond, Cedric",House,D,LA02,"$75,200 ","$75,200 ",$0 ,"$25,500 ","$37,200 ","$12,500 ",Nay
"Walorski, Jackie",House,R,IN02,"$74,750 ",$0 ,"$74,750 ","$21,750 ","$27,500 ","$25,500 ",Yea
"Davis, Rodney",House,R,IL13,"$74,000 ",$0 ,"$74,000 ","$26,500 ","$25,250 ","$22,250 ",Yea
"Bass, Karen",House,D,CA37,"$73,725 ","$73,725 ",$0 ,"$23,225 ","$31,500 ","$19,000 ",Nay
"Cardenas, Tony",House,D,CA29,"$72,751 ","$72,751 ",$0 ,"$12,500 ","$37,251 ","$23,000 ",Nay
"Fudge, Marcia L",House,D,OH11,"$72,750 ","$72,750 ",$0 ,"$11,000 ","$48,250 ","$13,500 ",Nay
"Pascrell, Bill Jr",House,D,NJ09,"$72,725 ","$72,725 ",$0 ,"$10,000 ","$14,625 ","$48,100 ",Nay
"Holding, George",House,R,NC02,"$72,500 ",$0 ,"$72,500 ","$31,000 ","$30,000 ","$11,500 ",Yea
"Johnson, Hank",House,D,GA04,"$72,500 ","$72,500 ",$0 ,"$25,000 ","$32,000 ","$15,500 ",Nay
"Kelly, Mike",House,R,PA03,"$71,500 ",$0 ,"$71,500 ","$26,500 ","$27,500 ","$17,500 ",Yea
"Smith, Adrian",House,R,NE03,"$71,500 ",$0 ,"$71,500 ","$27,000 ","$26,000 ","$18,500 ",Yea
"Yarmuth, John A",House,D,KY03,"$71,000 ","$71,000 ",$0 ,"$17,500 ","$45,500 ","$8,000 ",Nay
"Deutch, Ted",House,D,FL22,"$70,900 ","$70,900 ",$0 ,"$22,500 ","$36,400 ","$12,000 ",Nay
"Langevin, Jim",House,D,RI02,"$70,825 ","$70,825 ",$0 ,$0 ,"$39,250 ","$31,575 ",Nay
"Wilson, Joe",House,R,SC02,"$70,500 ",$0 ,"$70,500 ","$3,000 ","$49,000 ","$18,500 ",Yea
"Rooney, Tom",House,R,FL17,"$69,000 ",$0 ,"$69,000 ","$21,500 ","$32,000 ","$15,500 ",Yea
"Courtney, Joe",House,D,CT02,"$68,750 ","$68,750 ",$0 ,"$27,250 ","$36,500 ","$5,000 ",Nay
"Coffman, Mike",House,R,CO06,"$68,350 ",$0 ,"$68,350 ","$37,600 ","$25,250 ","$5,500 ",Nay
"Hirono, Mazie K",Senate,D,HIS2,"$68,310 ","$68,310 ",$0 ,"$32,400 ","$28,910 ","$7,000 ",Nay
"Black, Diane",House,R,TN06,"$68,250 ",$0 ,"$68,250 ","$26,250 ","$20,000 ","$22,000 ",Yea
"Flores, Bill",House,R,TX17,"$67,500 ",$0 ,"$67,500 ","$14,500 ","$41,000 ","$12,000 ",Yea
"Kilmer, Derek",House,D,WA06,"$67,500 ","$67,500 ",$0 ,"$38,000 ","$14,000 ","$15,500 ",Nay
"Hudson, Richard",House,R,NC08,"$67,250 ",$0 ,"$67,250 ","$24,000 ","$30,750 ","$12,500 ",Yea
"Harris, Kamala D",Senate,D,CAS1,"$66,664 ","$66,664 ",$0 ,"$53,780 ","$9,986 ","$2,898 ",Nay
"Griffith, Morgan",House,R,VA09,"$66,500 ",$0 ,"$66,500 ","$30,500 ","$19,500 ","$16,500 ",Yea
"Sewell, Terri A",House,D,AL07,"$66,500 ","$66,500 ",$0 ,"$19,500 ","$30,250 ","$16,750 ",Nay
"Messer, Luke",House,R,IN06,"$65,800 ",$0 ,"$65,800 ","$28,300 ","$26,500 ","$11,000 ",Yea
"Smith, Chris",House,R,NJ04,"$65,498 ",$0 ,"$65,498 ","$10,600 ","$21,000 ","$33,898 ",Yea
"Heitkamp, Heidi",Senate,D,NDS2,"$65,029 ","$65,029 ",$0 ,"$46,954 ","$12,025 ","$6,050 ",Nay
"Peters, Scott",House,D,CA52,"$63,670 ","$63,670 ",$0 ,"$24,505 ","$22,665 ","$16,500 ",Nay
"Ross, Dennis",House,R,FL15,"$63,250 ",$0 ,"$63,250 ","$13,000 ","$34,000 ","$16,250 ",Yea
"Lowey, Nita M",House,D,NY17,"$63,060 ","$63,060 ",$0 ,$500 ,"$27,560 ","$35,000 ",Nay
"Green, Al",House,D,TX09,"$62,600 ","$62,600 ",$0 ,"$1,000 ","$52,000 ","$9,600 ",Nay
"Valadao, David",House,R,CA21,"$62,250 ",$0 ,"$62,250 ","$25,500 ","$26,250 ","$10,500 ",Yea
"Collins, Chris",House,R,NY27,"$61,000 ",$0 ,"$61,000 ","$13,000 ","$31,000 ","$17,000 ",Yea
"Smith, Jason",House,R,MO08,"$61,000 ",$0 ,"$61,000 ","$19,500 ","$33,500 ","$8,000 ",Yea
"Napolitano, Grace",House,D,CA32,"$60,250 ","$60,250 ",$0 ,"$19,000 ","$31,750 ","$9,500 ",Nay
"Rounds, Mike",Senate,R,SDS2,"$59,848 ",$0 ,"$59,848 ","$12,500 ","$14,500 ","$32,848 ",Yea
"Nadler, Jerrold",House,D,NY10,"$59,310 ","$59,310 ",$0 ,"$21,560 ","$20,750 ","$17,000 ",Nay
"Mullin, Markwayne",House,R,OK02,"$59,250 ",$0 ,"$59,250 ","$14,000 ","$35,250 ","$10,000 ",Yea
"Visclosky, Pete",House,D,IN01,"$59,100 ","$59,100 ",$0 ,$0 ,"$56,600 ","$2,500 ",Nay
"Quigley, Mike",House,D,IL05,"$59,000 ","$59,000 ",$0 ,"$16,500 ","$31,000 ","$11,500 ",Nay
"Sinema, Kyrsten",House,D,AZ09,"$58,500 ","$58,500 ",$0 ,"$32,500 ","$22,000 ","$4,000 ",Nay
"Gohmert, Louis B Jr",House,R,TX01,"$57,500 ",$0 ,"$57,500 ","$11,000 ","$37,500 ","$9,000 ",Yea
"Young, Todd",Senate,R,INS2,"$56,900 ",$0 ,"$56,900 ","$16,750 ","$29,650 ","$10,500 ",Yea
"Carson, Andre",House,D,IN07,"$56,750 ","$56,750 ",$0 ,"$13,500 ","$28,500 ","$14,750 ",Nay
"Veasey, Marc",House,D,TX33,"$56,250 ","$56,250 ",$0 ,"$16,750 ","$23,000 ","$16,500 ",Nay
"Roby, Martha",House,R,AL02,"$55,750 ",$0 ,"$55,750 ","$23,500 ","$22,250 ","$10,000 ",Yea
"Daines, Steven",Senate,R,MTS2,"$55,500 ",$0 ,"$55,500 ","$21,000 ","$22,000 ","$12,500 ",Yea
"Cramer, Kevin",House,R,ND01,"$55,500 ",$0 ,"$55,500 ","$6,000 ","$30,500 ","$19,000 ",Yea
"Maloney, Sean Patrick",House,D,NY18,"$55,130 ","$55,130 ",$0 ,"$23,250 ","$13,175 ","$18,705 ",Nay
"Barletta, Lou",House,R,PA11,"$54,700 ",$0 ,"$54,700 ","$30,500 ","$10,500 ","$13,700 ",Yea
"Merkley, Jeff",Senate,D,ORS1,"$54,373 ","$54,373 ",$0 ,"$38,293 ","$10,550 ","$5,530 ",Nay
"Garamendi, John",House,D,CA03,"$54,250 ","$54,250 ",$0 ,"$11,250 ","$26,000 ","$17,000 ",Nay
"Gottheimer, Josh",House,D,NJ05,"$53,803 ","$53,803 ",$0 ,"$29,520 ","$14,255 ","$10,028 ",Nay
"McClintock, Tom",House,R,CA04,"$53,750 ",$0 ,"$53,750 ","$11,500 ","$38,750 ","$3,500 ",Nay
"Rokita, Todd",House,R,IN04,"$53,500 ",$0 ,"$53,500 ","$12,500 ","$30,000 ","$11,000 ",Yea
"Chu, Judy",House,D,CA27,"$53,400 ","$53,400 ",$0 ,"$21,500 ","$27,650 ","$4,250 ",Nay
"Renacci, Jim",House,R,OH16,"$53,000 ",$0 ,"$53,000 ","$12,000 ","$24,000 ","$17,000 ",Yea
"Wittman, Rob",House,R,VA01,"$52,500 ",$0 ,"$52,500 ","$21,000 ","$21,000 ","$10,500 ",Yea
"Foster, Bill",House,D,IL11,"$52,450 ","$52,450 ",$0 ,"$17,250 ","$29,200 ","$6,000 ",Nay
"Perdue, David",Senate,R,GAS1,"$52,200 ",$0 ,"$52,200 ","$20,600 ","$26,600 ","$5,000 ",Yea
"Noem, Kristi",House,R,SD01,"$50,500 ",$0 ,"$50,500 ","$12,000 ","$21,000 ","$17,500 ",Yea
"Hoeven, John",Senate,R,NDS1,"$50,250 ",$0 ,"$50,250 ","$15,000 ","$19,250 ","$16,000 ",Yea
"Cooper, Jim",House,D,TN05,"$50,050 ","$50,050 ",$0 ,"$8,500 ","$37,550 ","$4,000 ",Nay
"Boyle, Brendan",House,D,PA13,"$49,700 ","$49,700 ",$0 ,"$30,700 ","$7,000 ","$12,000 ",Nay
"Franken, Al",Senate,D,MNS1,"$49,611 ","$49,611 ",$0 ,"$35,940 ","$10,659 ","$3,012 ",Nay
"Jeffries, Hakeem",House,D,NY08,"$49,400 ","$49,400 ",$0 ,"$18,750 ","$17,750 ","$12,900 ",Nay
"Young, David",House,R,IA03,"$49,050 ",$0 ,"$49,050 ","$20,500 ","$5,000 ","$23,550 ",Yea
"Cartwright, Matt",House,D,PA17,"$49,000 ","$49,000 ",$0 ,"$41,500 ","$6,500 ","$1,000 ",Nay
"Hultgren, Randy",House,R,IL14,"$48,300 ",$0 ,"$48,300 ","$14,250 ","$28,850 ","$5,200 ",Yea
"Cassidy, Bill",Senate,R,LAS1,"$48,200 ",$0 ,"$48,200 ","$11,000 ","$31,200 ","$6,000 ",Yea
"Vela, Filemon",House,D,TX34,"$48,200 ","$48,200 ",$0 ,"$13,700 ","$18,500 ","$16,000 ",Nay
"Tillis, Thom",Senate,R,NCS1,"$48,100 ",$0 ,"$48,100 ","$21,000 ","$16,350 ","$10,750 ",Yea
"Lipinski, Daniel",House,D,IL03,"$48,000 ","$48,000 ",$0 ,"$4,500 ","$43,500 ",$0 ,Nay
"Kennedy, Joe III",House,D,MA04,"$46,870 ","$46,870 ",$0 ,"$24,655 ","$13,550 ","$8,665 ",Nay
"Crist, Charlie",House,D,FL13,"$46,800 ","$46,800 ",$0 ,"$17,700 ","$27,100 ","$2,000 ",Nay
"Ruiz, Raul",House,D,CA36,"$46,485 ","$46,485 ",$0 ,"$14,225 ","$19,760 ","$12,500 ",Nay
"Cicilline, David",House,D,RI01,"$46,460 ","$46,460 ",$0 ,"$17,950 ","$17,750 ","$10,760 ",Nay
"Stefanik, Elise",House,R,NY21,"$45,750 ",$0 ,"$45,750 ","$20,750 ","$17,500 ","$7,500 ",Nay
"Curbelo, Carlos",House,R,FL26,"$45,700 ",$0 ,"$45,700 ","$19,700 ","$18,000 ","$8,000 ",Yea
"Vargas, Juan",House,D,CA51,"$45,700 ","$45,700 ",$0 ,"$11,000 ","$22,700 ","$12,000 ",Nay
"Velazquez, Nydia M",House,D,NY07,"$45,507 ","$45,507 ",$0 ,"$21,000 ","$9,257 ","$15,250 ",Nay
"Beutler, Jaime Herrera",House,R,WA03,"$45,500 ",$0 ,"$45,500 ","$21,500 ","$18,000 ","$6,000 ",Nay
"Bucshon, Larry",House,R,IN08,"$45,500 ",$0 ,"$45,500 ","$8,000 ","$30,500 ","$7,000 ",Yea
"Titus, Dina",House,D,NV01,"$45,500 ","$45,500 ",$0 ,"$12,750 ","$29,500 ","$3,250 ",Nay
"Heck, Dennis",House,D,WA10,"$45,250 ","$45,250 ",$0 ,"$12,750 ","$17,500 ","$15,000 ",Nay
"Payne, Donald M Jr",House,D,NJ10,"$45,250 ","$45,250 ",$0 ,"$11,000 ","$18,250 ","$16,000 ",Nay
"Roybal-Allard, Lucille",House,D,CA40,"$45,150 ","$45,150 ",$0 ,"$13,000 ","$32,150 ",$0 ,Nay
"Esty, Elizabeth",House,D,CT05,"$45,100 ","$45,100 ",$0 ,"$17,600 ","$13,500 ","$14,000 ",Nay
"Perry, Scott",House,R,PA04,"$45,000 ",$0 ,"$45,000 ","$20,500 ","$14,500 ","$10,000 ",Yea
"Rothfus, Keith J",House,R,PA12,"$44,950 ",$0 ,"$44,950 ","$30,450 ","$5,500 ","$9,000 ",Yea
"Bustos, Cheri",House,D,IL17,"$44,874 ","$44,874 ",$0 ,"$19,865 ","$14,009 ","$11,000 ",Nay
"Wilson, Frederica",House,D,FL24,"$44,500 ","$44,500 ",$0 ,"$12,000 ","$27,000 ","$5,500 ",Nay
"Bera, Ami",House,D,CA07,"$44,223 ","$44,223 ",$0 ,"$23,013 ","$11,410 ","$9,800 ",Nay
"Castro, Joaquin",House,D,TX20,"$44,200 ","$44,200 ",$0 ,"$12,000 ","$20,700 ","$11,500 ",Nay
"Evans, Dwight",House,D,PA02,"$43,900 ","$43,900 ",$0 ,"$34,900 ","$3,000 ","$6,000 ",Nay
"Beyer, Don",House,D,VA08,"$43,750 ","$43,750 ",$0 ,"$26,750 ","$5,500 ","$11,500 ",Nay
"Rice, Kathleen",House,D,NY04,"$43,151 ","$43,151 ",$0 ,"$19,950 ","$7,001 ","$16,200 ",Nay
"Dingell, Debbie",House,D,MI12,"$43,116 ","$43,116 ",$0 ,"$15,000 ","$19,366 ","$8,750 ",Nay
"Higgins, Brian M",House,D,NY26,"$43,100 ","$43,100 ",$0 ,$0 ,"$28,000 ","$15,100 ",Nay
"Luetkemeyer, Blaine",House,R,MO03,"$43,000 ",$0 ,"$43,000 ","$10,000 ","$29,000 ","$4,000 ",Yea
"Turner, Michael R",House,R,OH10,"$43,000 ",$0 ,"$43,000 ","$4,000 ","$37,500 ","$1,500 ",Yea
"Norcross, Don",House,D,NJ01,"$42,950 ","$42,950 ",$0 ,"$19,700 ","$8,500 ","$14,750 ",Nay
"Aguilar, Pete",House,D,CA31,"$42,545 ","$42,545 ",$0 ,"$15,536 ","$17,008 ","$10,001 ",Nay
"Capuano, Michael E",House,D,MA07,"$42,100 ","$42,100 ",$0 ,"$13,500 ","$1,000 ","$27,600 ",Nay
"Duckworth, Tammy",Senate,D,ILS2,"$42,088 ","$42,088 ",$0 ,"$21,293 ","$8,661 ","$12,134 ",Nay
"DeSantis, Ron",House,R,FL06,"$41,626 ",$0 ,"$41,626 ","$13,000 ","$19,601 ","$9,025 ",Yea
"Amodei, Mark",House,R,NV02,"$41,500 ",$0 ,"$41,500 ","$9,000 ","$29,500 ","$3,000 ",Yea
"Franks, Trent",House,R,AZ08,"$41,500 ",$0 ,"$41,500 ","$15,000 ","$23,500 ","$3,000 ",Yea
"McSally, Martha",House,R,AZ02,"$41,500 ",$0 ,"$41,500 ","$22,500 ","$11,000 ","$8,000 ",Yea
"Scott, Bobby",House,D,VA03,"$41,250 ","$41,250 ",$0 ,"$11,000 ","$15,200 ","$15,050 ",Nay
"Blumenthal, Richard",Senate,D,CTS2,"$41,035 ","$41,035 ",$0 ,"$27,505 ","$9,005 ","$4,525 ",Nay
"Bishop, Mike",House,R,MI08,"$41,000 ",$0 ,"$41,000 ","$14,000 ","$14,500 ","$12,500 ",Yea
"McKinley, David",House,R,WV01,"$41,000 ",$0 ,"$41,000 ","$20,000 ","$17,000 ","$4,000 ",Yea
"DelBene, Suzan",House,D,WA01,"$40,816 ","$40,816 ",$0 ,"$20,300 ","$9,016 ","$11,500 ",Nay
"Collins, Doug",House,R,GA09,"$40,750 ",$0 ,"$40,750 ","$21,000 ","$17,750 ","$2,000 ",Yea
"Gowdy, Trey",House,R,SC04,"$40,750 ",$0 ,"$40,750 ","$14,000 ","$20,750 ","$6,000 ",Yea
"Lankford, James",Senate,R,OKS1,"$40,450 ",$0 ,"$40,450 ","$17,000 ","$19,450 ","$4,000 ",Yea
"Hurd, Will",House,R,TX23,"$40,250 ",$0 ,"$40,250 ","$19,000 ","$17,250 ","$4,000 ",Yea
"Yoder, Kevin",House,R,KS03,"$40,250 ",$0 ,"$40,250 ","$14,250 ","$20,000 ","$6,000 ",Nay
"Kelly, Robin",House,D,IL02,"$39,900 ","$39,900 ",$0 ,"$11,000 ","$20,900 ","$8,000 ",Nay
"Schneider, Brad",House,D,IL10,"$39,004 ","$39,004 ",$0 ,"$12,608 ","$22,302 ","$4,094 ",Nay
"Lieu, Ted",House,D,CA33,"$38,900 ","$38,900 ",$0 ,"$13,250 ","$16,150 ","$9,500 ",Nay
"Peterson, Collin",House,D,MN07,"$38,850 ","$38,850 ",$0 ,"$3,500 ","$33,850 ","$1,500 ",Nay
"Posey, Bill",House,R,FL08,"$38,750 ",$0 ,"$38,750 ","$17,250 ","$12,500 ","$9,000 ",Yea
"Byrne, Bradley",House,R,AL01,"$38,500 ",$0 ,"$38,500 ","$17,500 ","$17,500 ","$3,500 ",Yea
"Gibbs, Bob",House,R,OH07,"$38,000 ",$0 ,"$38,000 ","$13,000 ","$20,000 ","$5,000 ",Yea
"Kuster, Ann Mclane",House,D,NH02,"$36,751 ","$36,751 ",$0 ,"$11,500 ","$12,751 ","$12,500 ",Yea
"Duncan, Jeff",House,R,SC03,"$36,330 ",$0 ,"$36,330 ","$13,000 ","$16,330 ","$7,000 ",Yea
"Woodall, Rob",House,R,GA07,"$36,250 ",$0 ,"$36,250 ","$10,500 ","$15,000 ","$10,750 ",Yea
"Brownley, Julia",House,D,CA26,"$36,111 ","$36,111 ",$0 ,"$7,710 ","$22,401 ","$6,000 ",Nay
"Farenthold, Blake",House,R,TX27,"$36,000 ",$0 ,"$36,000 ","$13,000 ","$22,000 ","$1,000 ",Yea
"Pearce, Steve",House,R,NM02,"$35,850 ",$0 ,"$35,850 ","$13,600 ","$14,250 ","$8,000 ",Yea
"Fleischmann, Chuck",House,R,TN03,"$35,500 ",$0 ,"$35,500 ","$11,000 ","$24,000 ",$500 ,Yea
"Rice, Tom",House,R,SC07,"$35,500 ",$0 ,"$35,500 ","$11,500 ","$16,000 ","$8,000 ",Yea
"Slaughter, Louise M",House,D,NY25,"$35,250 ","$35,250 ",$0 ,"$4,500 ","$28,750 ","$2,000 ",Not Voting
"Walker, Mark",House,R,NC06,"$35,250 ",$0 ,"$35,250 ","$8,500 ","$26,750 ",$0 ,Yea
"Gallego, Ruben",House,D,AZ07,"$35,050 ","$35,050 ",$0 ,"$10,500 ","$15,550 ","$9,000 ",Nay
"Huizenga, Bill",House,R,MI02,"$35,000 ",$0 ,"$35,000 ","$9,000 ","$22,000 ","$4,000 ",Yea
"Young, Don",House,R,AK01,"$34,450 ",$0 ,"$34,450 ",$0 ,"$32,450 ","$2,000 ",Yea
"Maloney, Carolyn B",House,D,NY12,"$34,250 ","$34,250 ",$0 ,"$5,500 ","$14,500 ","$14,250 ",Nay
"Barr, Andy",House,R,KY06,"$33,850 ",$0 ,"$33,850 ","$6,600 ","$18,250 ","$9,000 ",Yea
"Doggett, Lloyd",House,D,TX35,"$33,780 ","$33,780 ",$0 ,$0 ,"$30,780 ","$3,000 ",Nay
"Duncan, John J Jr",House,R,TN02,"$33,500 ",$0 ,"$33,500 ","$1,500 ","$26,000 ","$6,000 ",Nay
"Torres, Norma",House,D,CA35,"$33,500 ","$33,500 ",$0 ,"$7,000 ","$14,500 ","$12,000 ",Nay
"Webster, Daniel",House,R,FL11,"$33,291 ",$0 ,"$33,291 ","$11,791 ","$10,500 ","$11,000 ",Yea
"Strange, Luther",Senate,R,ALS1,"$33,250 ",$0 ,"$33,250 ","$18,500 ","$5,250 ","$9,500 ",Yea
"Swalwell, Eric",House,D,CA15,"$33,097 ","$33,097 ",$0 ,"$11,041 ","$13,556 ","$8,500 ",Nay
"Lowenthal, Alan",House,D,CA47,"$32,950 ","$32,950 ",$0 ,"$5,450 ","$14,500 ","$13,000 ",Nay
"Ratcliffe, John Lee",House,R,TX04,"$32,950 ",$0 ,"$32,950 ","$10,500 ","$13,450 ","$9,000 ",Yea
"Cotton, Tom",Senate,R,ARS1,"$32,500 ",$0 ,"$32,500 ","$8,750 ","$16,500 ","$7,250 ",Yea
"Joyce, David P",House,R,OH14,"$32,500 ",$0 ,"$32,500 ","$13,000 ","$9,500 ","$10,000 ",Yea
"Price, David",House,D,NC04,"$32,043 ","$32,043 ",$0 ,$0 ,"$21,043 ","$11,000 ",Nay
"Knight, Steve",House,R,CA25,"$32,000 ",$0 ,"$32,000 ","$11,000 ","$17,000 ","$4,000 ",Yea
"Womack, Steve",House,R,AR03,"$31,500 ",$0 ,"$31,500 ","$2,000 ","$24,500 ","$5,000 ",Yea
"Tipton, Scott",House,R,CO03,"$31,450 ",$0 ,"$31,450 ","$12,750 ","$17,500 ","$1,200 ",Yea
"Warren, Elizabeth",Senate,D,MAS1,"$31,042 ","$31,042 ",$0 ,"$20,183 ","$4,379 ","$6,480 ",Nay
"Lee, Barbara",House,D,CA13,"$31,025 ","$31,025 ",$0 ,"$12,250 ","$12,270 ","$6,505 ",Nay
"Loebsack, David",House,D,IA02,"$31,025 ","$31,025 ",$0 ,"$7,000 ","$20,500 ","$3,525 ",Nay
"Risch, James E",Senate,R,IDS1,"$31,000 ",$0 ,"$31,000 ","$10,000 ","$11,000 ","$10,000 ",Yea
"Serrano, Jose E",House,D,NY15,"$30,800 ","$30,800 ",$0 ,"$2,000 ","$11,300 ","$17,500 ",Nay
"Simpson, Mike",House,R,ID02,"$30,500 ",$0 ,"$30,500 ","$1,000 ","$18,500 ","$11,000 ",Not Voting
"Schakowsky, Jan",House,D,IL09,"$30,156 ","$30,156 ",$0 ,"$17,600 ","$10,551 ","$2,005 ",Nay
"Meng, Grace",House,D,NY06,"$30,001 ","$30,001 ",$0 ,"$8,500 ","$12,001 ","$9,500 ",Nay
"Lynch, Stephen F",House,D,MA08,"$29,700 ","$29,700 ",$0 ,"$6,250 ",$250 ,"$23,200 ",Nay
"Masto, Catherine Cortez",Senate,D,NVS2,"$29,353 ","$29,353 ",$0 ,"$21,569 ","$4,426 ","$3,358 ",Nay
"Frankel, Lois J",House,D,FL21,"$29,205 ","$29,205 ",$0 ,"$10,500 ","$14,500 ","$4,205 ",Nay
"Hassan, Maggie",Senate,D,NHS1,"$29,014 ","$29,014 ",$0 ,"$13,388 ","$6,258 ","$9,368 ",Nay
"Beatty, Joyce",House,D,OH03,"$29,000 ","$29,000 ",$0 ,"$6,000 ","$15,000 ","$8,000 ",Nay
"Blumenauer, Earl",House,D,OR03,"$29,000 ","$29,000 ",$0 ,"$23,500 ","$1,000 ","$4,500 ",Nay
"Poliquin, Bruce",House,R,ME02,"$29,000 ",$0 ,"$29,000 ","$10,500 ","$10,000 ","$8,500 ",Yea
"Fortenberry, Jeff",House,R,NE01,"$28,700 ",$0 ,"$28,700 ","$1,000 ","$21,700 ","$6,000 ",Yea
"Ryan, Tim",House,D,OH13,"$28,525 ","$28,525 ",$0 ,"$6,000 ","$19,510 ","$3,015 ",Nay
"Sullivan, Dan",Senate,R,AKS1,"$28,500 ",$0 ,"$28,500 ","$10,000 ","$13,000 ","$5,500 ",Yea
"Emmer, Tom",House,R,MN06,"$28,500 ",$0 ,"$28,500 ","$9,500 ","$15,500 ","$3,500 ",Yea
"Waters, Maxine",House,D,CA43,"$28,245 ","$28,245 ",$0 ,"$16,200 ","$7,295 ","$4,750 ",Nay
"Lamborn, Douglas L",House,R,CO05,"$28,200 ",$0 ,"$28,200 ","$11,000 ","$15,200 ","$2,000 ",Yea
"Delaney, John K",House,D,MD06,"$28,000 ","$28,000 ",$0 ,"$15,000 ","$8,000 ","$5,000 ",Nay
"Keating, Bill",House,D,MA09,"$28,000 ","$28,000 ",$0 ,"$10,000 ","$9,000 ","$9,000 ",Nay
"Katko, John",House,R,NY24,"$27,750 ",$0 ,"$27,750 ","$12,000 ","$12,750 ","$3,000 ",Yea
"Zeldin, Lee",House,R,NY01,"$27,000 ",$0 ,"$27,000 ","$13,500 ","$7,500 ","$6,000 ",Nay
"Moore, Gwen",House,D,WI04,"$26,500 ","$26,500 ",$0 ,"$16,000 ","$10,500 ",$0 ,Nay
"Kildee, Dan",House,D,MI05,"$26,355 ","$26,355 ",$0 ,"$8,005 ","$12,350 ","$6,000 ",Nay
"Labrador, Raul",House,R,ID01,"$26,000 ",$0 ,"$26,000 ","$5,000 ","$21,000 ",$0 ,Yea
"Crawford, Rick",House,R,AR01,"$25,750 ",$0 ,"$25,750 ","$6,000 ","$16,750 ","$3,000 ",Yea
"Grijalva, Raul M",House,D,AZ03,"$25,501 ","$25,501 ",$0 ,"$8,001 ","$14,500 ","$3,000 ",Nay
"MacArthur, Thomas",House,R,NJ03,"$25,500 ",$0 ,"$25,500 ","$10,000 ","$10,000 ","$5,500 ",Yea
"Rohrabacher, Dana",House,R,CA48,"$25,050 ",$0 ,"$25,050 ",$400 ,"$24,650 ",$0 ,Yea
"Brooks, Mo",House,R,AL05,"$25,000 ",$0 ,"$25,000 ","$5,000 ","$17,000 ","$3,000 ",Nay
"LaHood, Darin",House,R,IL18,"$24,500 ",$0 ,"$24,500 ","$6,000 ","$16,500 ","$2,000 ",Yea
"Ernst, Joni",Senate,R,IAS2,"$24,000 ",$0 ,"$24,000 ","$11,000 ","$8,000 ","$5,000 ",Yea
"Bost, Mike",House,R,IL12,"$23,750 ",$0 ,"$23,750 ","$8,500 ","$15,250 ",$0 ,Yea
"Carter, Buddy",House,R,GA01,"$23,750 ",$0 ,"$23,750 ","$6,500 ","$11,250 ","$6,000 ",Yea
"Love, Mia",House,R,UT04,"$23,725 ",$0 ,"$23,725 ","$16,850 ","$4,025 ","$2,850 ",Yea
"Coleman, Bonnie",House,D,NJ12,"$23,500 ","$23,500 ",$0 ,"$4,750 ","$6,250 ","$12,500 ",Nay
"Sasse, Ben",Senate,R,NES2,"$23,200 ",$0 ,"$23,200 ","$9,000 ","$8,200 ","$6,000 ",Yea
"Bonamici, Suzanne",House,D,OR01,"$23,001 ","$23,001 ",$0 ,"$10,500 ","$5,501 ","$7,000 ",Nay
"Hartzler, Vicky",House,R,MO04,"$23,000 ",$0 ,"$23,000 ","$1,000 ","$16,000 ","$6,000 ",Yea
"Moolenaar, John",House,R,MI04,"$23,000 ",$0 ,"$23,000 ","$4,000 ","$15,500 ","$3,500 ",Yea
"Graves, Garret",House,R,LA06,"$22,500 ",$0 ,"$22,500 ","$5,500 ","$10,750 ","$6,250 ",Nay
"Williams, Roger",House,R,TX25,"$22,500 ",$0 ,"$22,500 ","$4,000 ","$11,500 ","$7,000 ",Yea
"Rouzer, David",House,R,NC07,"$22,300 ",$0 ,"$22,300 ","$7,000 ","$7,300 ","$8,000 ",Yea
"Lawrence, Brenda",House,D,MI14,"$21,900 ","$21,900 ",$0 ,"$8,400 ","$7,000 ","$6,500 ",Nay
"Cook, Paul",House,R,CA08,"$21,800 ",$0 ,"$21,800 ",$0 ,"$18,800 ","$3,000 ",Yea
"McGovern, James P",House,D,MA02,"$21,250 ","$21,250 ",$0 ,"$3,000 ","$4,000 ","$14,250 ",Nay
"Adams, Alma",House,D,NC12,"$21,000 ","$21,000 ",$0 ,"$5,000 ","$10,000 ","$6,000 ",Nay
"Harris, Andy",House,R,MD01,"$21,000 ",$0 ,"$21,000 ","$7,000 ","$7,000 ","$7,000 ",Yea
"Schweikert, David",House,R,AZ06,"$21,000 ",$0 ,"$21,000 ","$2,000 ","$14,000 ","$5,000 ",Yea
"Buck, Kenneth R",House,R,CO04,"$20,650 ",$0 ,"$20,650 ","$8,000 ","$7,000 ","$5,650 ",Yea
"Hill, French",House,R,AR02,"$20,500 ",$0 ,"$20,500 ","$4,500 ","$15,000 ","$1,000 ",Not Voting
"Pittenger, Robert",House,R,NC09,"$20,500 ",$0 ,"$20,500 ","$9,500 ","$8,000 ","$3,000 ",Not Voting
"Marshall, Roger",House,R,KS01,"$20,250 ",$0 ,"$20,250 ","$9,000 ","$9,250 ","$2,000 ",Yea
"Scott, Austin",House,R,GA08,"$20,000 ",$0 ,"$20,000 ","$7,000 ","$11,000 ","$2,000 ",Yea
"Stewart, Chris",House,R,UT02,"$20,000 ",$0 ,"$20,000 ","$5,000 ","$7,000 ","$8,000 ",Nay
"Comer, James",House,R,KY01,"$19,750 ",$0 ,"$19,750 ","$5,000 ","$11,250 ","$3,500 ",Yea
"Clark, Katherine",House,D,MA05,"$19,500 ","$19,500 ",$0 ,"$6,000 ","$7,500 ","$6,000 ",Nay
"Speier, Jackie",House,D,CA14,"$19,500 ","$19,500 ",$0 ,"$7,500 ","$8,000 ","$4,000 ",Nay
"Bishop, Rob",House,R,UT01,"$19,400 ",$0 ,"$19,400 ","$2,900 ","$10,500 ","$6,000 ",Yea
"Walz, Tim",House,D,MN01,"$19,250 ","$19,250 ",$0 ,"$11,250 ","$5,000 ","$3,000 ",Nay
"King, Angus",Senate,I,MES1,"$19,000 ",$0 ,$0 ,"$12,000 ","$2,000 ","$5,000 ",Nay
"Palazzo, Steven",House,R,MS04,"$19,000 ",$0 ,"$19,000 ","$8,000 ","$9,000 ","$2,000 ",Yea
"Polis, Jared",House,D,CO02,"$18,600 ","$18,600 ",$0 ,"$10,000 ","$4,000 ","$4,600 ",Nay
"Grisham, Michelle Lujan",House,D,NM01,"$18,500 ","$18,500 ",$0 ,"$6,000 ","$6,000 ","$6,500 ",Nay
"Jones, Walter B Jr",House,R,NC03,"$18,500 ",$0 ,"$18,500 ",$0 ,"$13,000 ","$5,500 ",Nay
"Fitzpatrick, Brian",House,R,PA08,"$17,700 ",$0 ,"$17,700 ","$13,700 ","$4,000 ",$0 ,Yea
"Grothman, Glenn S",House,R,WI06,"$17,700 ",$0 ,"$17,700 ","$5,000 ","$11,700 ","$1,000 ",Yea
"Kennedy, John",Senate,R,LAS2,"$17,000 ",$0 ,"$17,000 ","$6,500 ","$5,500 ","$5,000 ",Yea
"Donovan, Dan",House,R,NY11,"$17,000 ",$0 ,"$17,000 ","$6,000 ","$8,000 ","$3,000 ",Yea
"LaMalfa, Doug",House,R,CA01,"$17,000 ",$0 ,"$17,000 ","$8,500 ","$6,500 ","$2,000 ",Yea
"Mooney, Alex",House,R,WV02,"$16,750 ",$0 ,"$16,750 ","$5,750 ","$2,000 ","$9,000 ",Yea
"Moulton, Seth",House,D,MA06,"$16,750 ","$16,750 ",$0 ,"$8,750 ","$3,000 ","$5,000 ",Nay
"Hanabusa, Colleen",House,D,HI01,"$16,600 ","$16,600 ",$0 ,"$7,100 ","$8,500 ","$1,000 ",Nay
"Cheney, Liz",House,R,WY01,"$16,500 ",$0 ,"$16,500 ","$12,000 ","$3,000 ","$1,500 ",Yea
"Jenkins, Evan",House,R,WV03,"$16,500 ",$0 ,"$16,500 ","$4,500 ","$8,000 ","$4,000 ",Yea
"Sanford, Mark",House,R,SC01,"$16,500 ",$0 ,"$16,500 ","$9,500 ","$3,000 ","$4,000 ",Nay
"Massie, Thomas",House,R,KY04,"$16,000 ",$0 ,"$16,000 ","$4,000 ","$9,500 ","$2,500 ",Yea
"Tenney, Claudia",House,R,NY22,"$15,900 ",$0 ,"$15,900 ","$11,900 ","$3,000 ","$1,000 ",Yea
"Hollingsworth, Trey",House,R,IN09,"$15,800 ",$0 ,"$15,800 ","$7,500 ","$6,300 ","$2,000 ",Yea
"McCollum, Betty",House,D,MN04,"$15,750 ","$15,750 ",$0 ,"$5,250 ","$10,500 ",$0 ,Nay
"Desjarlais, Scott",House,R,TN04,"$15,700 ",$0 ,"$15,700 ","$2,500 ","$11,200 ","$2,000 ",Yea
"Correa, Lou",House,D,CA46,"$15,500 ","$15,500 ",$0 ,"$4,500 ","$9,000 ","$2,000 ",Nay
"Rochester, Lisa Blunt",House,D,DE01,"$15,375 ","$15,375 ",$0 ,"$8,000 ","$4,025 ","$3,350 ",Nay
"Brown, Anthony",House,D,MD04,"$15,350 ","$15,350 ",$0 ,"$11,350 ","$1,000 ","$3,000 ",Nay
"Tsongas, Niki",House,D,MA03,"$15,257 ","$15,257 ",$0 ,"$6,500 ","$5,757 ","$3,000 ",Nay
"Roe, Phil",House,R,TN01,"$15,000 ",$0 ,"$15,000 ",$0 ,"$2,000 ","$13,000 ",Yea
"Trott, Dave",House,R,MI11,"$14,505 ",$0 ,"$14,505 ","$6,500 ","$3,000 ","$5,005 ",Yea
"Loudermilk, Barry",House,R,GA11,"$14,400 ",$0 ,"$14,400 ","$6,500 ","$4,900 ","$3,000 ",Yea
"Kihuen, Ruben",House,D,NV04,"$14,337 ","$14,337 ",$0 ,"$5,049 ","$6,760 ","$2,528 ",Nay
"Yoho, Ted",House,R,FL03,"$14,000 ",$0 ,"$14,000 ","$2,000 ","$11,000 ","$1,000 ",Yea
"Mast, Brian",House,R,FL18,"$13,500 ",$0 ,"$13,500 ","$7,500 ","$5,000 ","$1,000 ",Yea
"Pocan, Mark",House,D,WI02,"$13,500 ","$13,500 ",$0 ,"$1,000 ","$7,500 ","$5,000 ",Nay
"Smucker, Lloyd",House,R,PA16,"$13,500 ",$0 ,"$13,500 ","$7,500 ","$4,000 ","$2,000 ",Yea
"Weber, Randy",House,R,TX14,"$13,500 ",$0 ,"$13,500 ","$6,000 ","$4,500 ","$3,000 ",Yea
"Huffman, Jared",House,D,CA02,"$13,250 ","$13,250 ",$0 ,"$6,250 ","$4,000 ","$3,000 ",Nay
"Babin, Brian",House,R,TX36,"$13,000 ",$0 ,"$13,000 ","$3,000 ","$3,000 ","$7,000 ",Yea
"Meadows, Mark R",House,R,NC11,"$13,000 ",$0 ,"$13,000 ","$4,000 ","$7,000 ","$2,000 ",Yea
"Mitchell, Paul",House,R,MI10,"$13,000 ",$0 ,"$13,000 ","$6,000 ","$6,000 ","$1,000 ",Yea
"Gallagher, Mike",House,R,WI08,"$12,862 ",$0 ,"$12,862 ","$2,500 ","$6,050 ","$4,312 ",Yea
"Desaulnier, Mark",House,D,CA11,"$12,750 ","$12,750 ",$0 ,"$3,000 ","$9,750 ",$0 ,Nay
"Amash, Justin",House,R,MI03,"$12,550 ",$0 ,"$12,550 ","$3,500 ","$8,800 ",$250 ,Nay
"Krishnamoorthi, Raja",House,D,IL08,"$12,505 ","$12,505 ",$0 ,"$4,000 ","$6,505 ","$2,000 ",Nay
"Bacon, Donald John",House,R,NE02,"$12,500 ",$0 ,"$12,500 ","$6,500 ","$4,000 ","$2,000 ",Yea
"Dunn, Neal",House,R,FL02,"$12,500 ",$0 ,"$12,500 ","$5,500 ","$5,000 ","$2,000 ",Yea
"Barragan, Nanette",House,D,CA44,"$12,478 ","$12,478 ",$0 ,"$2,580 ","$6,336 ","$3,562 ",Nay
"Brat, Dave",House,R,VA07,"$12,250 ",$0 ,"$12,250 ","$3,750 ","$6,000 ","$2,500 ",Yea
"Gabbard, Tulsi",House,D,HI02,"$12,074 ","$12,074 ",$0 ,"$4,251 ","$5,011 ","$2,812 ",Nay
"Taylor, Scott W",House,R,VA02,"$12,000 ",$0 ,"$12,000 ","$5,000 ","$3,000 ","$4,000 ",Yea
"Abraham, Ralph",House,R,LA05,"$11,500 ",$0 ,"$11,500 ","$1,000 ","$8,000 ","$2,500 ",Yea
"Bergman, John",House,R,MI01,"$11,500 ",$0 ,"$11,500 ","$2,500 ","$6,000 ","$3,000 ",Yea
"Gomez, Jimmy",House,D,CA34,"$11,173 ","$11,173 ",$0 ,"$3,373 ","$4,800 ","$3,000 ",Not Voting
"Takano, Mark",House,D,CA41,"$11,050 ","$11,050 ",$0 ,"$5,950 ","$2,000 ","$3,100 ",Nay
"McEachin, Donald",House,D,VA04,"$10,925 ","$10,925 ",$0 ,"$6,000 ","$2,000 ","$2,925 ",Nay
"Soto, Darren",House,D,FL09,"$10,500 ","$10,500 ",$0 ,"$5,500 ","$5,000 ",$0 ,Nay
"Westerman, Bruce",House,R,AR04,"$10,500 ",$0 ,"$10,500 ",$0 ,"$7,500 ","$3,000 ",Yea
"Banks, Jim",House,R,IN03,"$10,303 ",$0 ,"$10,303 ","$1,000 ","$6,000 ","$3,303 ",Yea
"Allen, Richard W",House,R,GA12,"$10,250 ",$0 ,"$10,250 ","$5,500 ","$2,750 ","$2,000 ",Yea
"O'Halleran, Tom",House,D,AZ01,"$10,250 ","$10,250 ",$0 ,"$5,000 ","$4,250 ","$1,000 ",Nay
"Raskin, Jamie",House,D,MD08,"$10,176 ","$10,176 ",$0 ,"$5,001 ","$3,000 ","$2,175 ",Nay
"Arrington, Jodey",House,R,TX19,"$10,000 ",$0 ,"$10,000 ","$2,000 ","$6,000 ","$2,000 ",Yea
"Ferguson, Drew",House,R,GA03,"$10,000 ",$0 ,"$10,000 ","$5,000 ","$5,000 ",$0 ,Yea
"Ellison, Keith",House,D,MN05,"$9,917 ","$9,917 ",$0 ,"$5,878 ","$2,785 ","$1,254 ",Nay
"Lewis, Jason",House,R,MN02,"$9,750 ",$0 ,"$9,750 ","$7,500 ","$2,250 ",$0 ,Yea
"Gonzalez, Vicente",House,D,TX15,"$9,500 ","$9,500 ",$0 ,"$2,500 ","$4,000 ","$3,000 ",Nay
"Demings, Val",House,D,FL10,"$9,100 ","$9,100 ",$0 ,"$9,100 ",$0 ,$0 ,Nay
"Panetta, Jimmy",House,D,CA20,"$9,050 ","$9,050 ",$0 ,"$2,000 ","$5,050 ","$2,000 ",Nay
"Carbajal, Salud",House,D,CA24,"$9,000 ","$9,000 ",$0 ,"$2,500 ","$4,500 ","$2,000 ",Nay
"Hice, Jody B",House,R,GA10,"$9,000 ",$0 ,"$9,000 ","$1,000 ","$5,000 ","$3,000 ",Yea
"Rutherford, John",House,R,FL04,"$9,000 ",$0 ,"$9,000 ","$5,000 ","$2,000 ","$2,000 ",Yea
"Handel, Karen",House,R,GA06,"$8,675 ",$0 ,"$8,675 ",$550 ,"$5,000 ","$3,125 ",Not Voting
"Biggs, Andy",House,R,AZ05,"$8,500 ",$0 ,"$8,500 ","$4,500 ","$2,000 ","$2,000 ",Yea
"Kelly, Trent",House,R,MS01,"$8,500 ",$0 ,"$8,500 ","$2,500 ","$6,000 ",$0 ,Yea
"DeFazio, Peter",House,D,OR04,"$8,489 ","$8,489 ",$0 ,$100 ,"$5,389 ","$3,000 ",Nay
"Budd, Ted",House,R,NC13,"$8,000 ",$0 ,"$8,000 ","$1,000 ","$6,000 ","$1,000 ",Yea
"Newhouse, Dan",House,R,WA04,"$8,000 ",$0 ,"$8,000 ","$3,000 ","$3,000 ","$2,000 ",Yea
"Kaptur, Marcy",House,D,OH09,"$7,751 ","$7,751 ",$0 ,"$1,751 ","$3,000 ","$3,000 ",Nay
"Estes, Ron",House,R,KS04,"$7,307 ",$0 ,"$7,307 ","$2,000 ","$5,000 ",$307 ,Not Voting
"Faso, John",House,R,NY19,"$7,250 ",$0 ,"$7,250 ","$3,000 ","$2,250 ","$2,000 ",Nay
"Gosar, Paul",House,R,AZ04,"$7,250 ",$0 ,"$7,250 ","$1,250 ","$6,000 ",$0 ,Yea
"Davis, Susan A",House,D,CA53,"$7,000 ","$7,000 ",$0 ,$0 ,"$7,000 ",$0 ,Nay
"Garrett, Tom",House,R,VA05,"$7,000 ",$0 ,"$7,000 ","$2,000 ","$3,000 ","$2,000 ",Yea
"Palmer, Gary",House,R,AL06,"$7,000 ",$0 ,"$7,000 ","$1,000 ","$6,000 ",$0 ,Yea
"Russell, Steven",House,R,OK05,"$7,000 ",$0 ,"$7,000 ","$2,500 ","$4,500 ",$0 ,Yea
"Wenstrup, Brad",House,R,OH02,"$7,000 ",$0 ,"$7,000 ","$4,000 ","$3,000 ",$0 ,Yea
"Gaetz, Matt",House,R,FL01,"$6,500 ",$0 ,"$6,500 ","$5,500 ","$1,000 ",$0 ,Yea
"Kustoff, David",House,R,TN08,"$6,500 ",$0 ,"$6,500 ","$2,500 ","$3,000 ","$1,000 ",Yea
"Murphy, Stephanie",House,D,FL07,"$6,485 ","$6,485 ",$0 ,"$5,385 ","$1,075 ",$25 ,Nay
"Norman, Ralph",House,R,SC05,"$6,250 ",$0 ,"$6,250 ",$0 ,"$6,250 ",$0 ,Not Voting
"O'Rourke, Beto",House,D,TX16,"$6,013 ","$6,013 ",$0 ,"$1,385 ","$4,398 ",$230 ,Nay
"Bridenstine, James",House,R,OK01,"$6,000 ",$0 ,"$6,000 ",$0 ,"$5,000 ","$1,000 ",Yea
"Khanna, Ro",House,D,CA17,"$5,461 ","$5,461 ",$0 ,"$1,010 ","$4,451 ",$0 ,Nay
"Espaillat, Adriano",House,D,NY13,"$5,300 ","$5,300 ",$0 ,"$1,000 ","$4,000 ",$300 ,Nay
"Lawson, Al",House,D,FL05,"$4,900 ","$4,900 ",$0 ,"$1,000 ","$2,900 ","$1,000 ",Nay
"Nolan, Rick",House,D,MN08,"$4,286 ","$4,286 ",$0 ,"$2,084 ","$1,128 ","$1,074 ",Nay
"Blum, Rod",House,R,IA01,"$4,000 ",$0 ,"$4,000 ","$2,000 ","$2,000 ",$0 ,Yea
"Johnson, Mike",House,R,LA04,"$4,000 ",$0 ,"$4,000 ","$1,000 ","$3,000 ",$0 ,Yea
"Suozzi, Tom",House,D,NY03,"$4,000 ","$4,000 ",$0 ,"$1,000 ","$1,000 ","$2,000 ",Nay
"Rooney, Francis",House,R,FL19,"$3,500 ",$0 ,"$3,500 ",$0 ,"$3,500 ",$0 ,Yea
"Higgins, Clay",House,R,LA03,"$2,550 ",$0 ,"$2,550 ",$0 ,"$2,550 ",$0 ,Yea
"Rosen, Jacky",House,D,NV03,"$2,537 ","$2,537 ",$0 ,$500 ,"$1,021 ","$1,016 ",Nay
"Curtis, John",House,R,UT03,"$2,000 ",$0 ,"$2,000 ",$0 ,"$2,000 ",$0 ,Not Voting
"Pingree, Chellie",House,D,ME01,"$1,250 ","$1,250 ",$0 ,$250 ,"$1,000 ",$0 ,Nay
"Jayapal, Pramila",House,D,WA07,"$1,000 ","$1,000 ",$0 ,$0 ,$750 ,$250 ,Nay
"Shea-Porter, Carol",House,D,NH01,$99 ,$99 ,$0 ,$82 ,$12 ,$5 ,Nay
"Davidson, Warren",House,R,OH08,$0 ,$0 ,$0 ,$0 ,$0 ,$0 ,Nay
"Gianforte, Greg",House,R,MT01,$0 ,$0 ,$0 ,$0 ,$0 ,$0 ,Not Voting
"Sarbanes, John",House,D,MD03,$0 ,$0 ,$0 ,$0 ,$0 ,$0 ,Nay
